,mean,min,max,total,count
Admin_Building,88.91533333333334,52.73,119.42,8002.38,90
Cafeteria,176.25688888888888,101.11,239.82,15863.119999999999,90
Library,131.95922222222222,75.49,179.58,11876.33,90
Science_Block,267.85066666666665,158.93,349.78,24106.56,90
Sports_Complex,156.02777777777777,90.76,214.34,14042.499999999998,90
